分类,风格提示词
影视风格,王家卫电影风格：慢镜头+模糊边缘+饱和色彩
影视风格,诺兰式倒叙结构：非线性时间轴+暗色调
影视风格,黑泽明剧场感：高反差黑白影调+固定机位
影视风格,港片光影风格：霓虹反光+快速切换镜头
影视风格,韩剧慢镜头浪漫：柔光+背景虚化+配乐旋律
影视风格,宫崎骏动画感：自然色彩+清新构图+手绘质感
影视风格,漫威大片感：大场景+爆炸特效+CG合成
影视风格,皮克斯动画质感：明亮色彩+卡通建模+情感流动
影视风格,张艺谋色彩对比风格：红绿对撞+对称构图
影视风格,李安东方写实风：自然光线+内敛情绪
影视风格,西部片风格：荒漠远景+冷暖对比+低角度
影视风格,法式文艺风：碎片叙事+自然光影+低饱和
影视风格,纪录片感：自然光+镜头抖动+真实色调
影视风格,港风怀旧感：黄色滤镜+慢动作走位
影视风格,黑色电影风格：强光阴影+硬汉独白+反光雨夜
影视风格,美式青春片风格：明快节奏+活力色彩
影视风格,印度歌舞片风格：高饱和+快速剪辑+群舞镜头
影视风格,欧洲冷感系：灰白色调+极简构图
影视风格,BBC纪录片感：精致构图+慢推镜头+旁白配音
影视风格,Netflix惊悚剧风格：低光源+突变音效+细节特写
画面质感,胶片颗粒感+复古色调
画面质感,VHS旧录像风+画面噪点
画面质感,高清8K画质+锐化边缘
画面质感,油画风滤镜+厚重笔触感
画面质感,水彩柔焦画感+手绘轮廓
画面质感,赛博朋克噪点+冷紫蓝色调
画面质感,黑白极简质感+强光阴影
画面质感,HDR高动态对比+金属质感
画面质感,质感磨砂风格+柔光过渡
画面质感,蜡笔涂抹风格+颜色跳跃
画面质感,金属银灰画面+冰冷质感
画面质感,潮流闪烁画质+霓虹叠影
画面质感,木刻风风格+线条粗糙感
画面质感,像素马赛克风+90年代风情
画面质感,胶片曝光风格+色彩晕染
画面质感,梦幻画质+光斑散射效果
画面质感,质感磨皮处理+奶油柔光
画面质感,工业风画质+灰色调颗粒
画面质感,超现实清晰风+异化边缘
画面质感,复古明信片风+褪色怀旧
灯光色调,霓虹灯+紫蓝色冷调
灯光色调,日出金光+橙红过渡
灯光色调,阴雨天蓝灰色+湿润反光
灯光色调,清晨自然光+低对比
灯光色调,黄昏暖光+柔和高光
灯光色调,夜景灯火辉煌+反光地面
灯光色调,车灯反射+都市光污染
灯光色调,工业冷光+白蓝高亮
灯光色调,蜡烛光源+暖色微光
灯光色调,金属质感灯光+蓝紫边缘光
灯光色调,摄影棚高反差灯光+全白背景
灯光色调,窗户光影+植物投影
灯光色调,教堂彩色玻璃光+斑斓光斑
灯光色调,落日逆光+眩光高反差
灯光色调,办公室荧光灯+冷白打光
灯光色调,舞台聚光灯+色彩切换
灯光色调,水底反光+斑驳波纹
灯光色调,森林穿透光+轻微雾气
灯光色调,火焰照明+动态闪烁
灯光色调,天光洒落+反光纸折射
摄影手法,手持镜头+轻微晃动
摄影手法,航拍鸟瞰+大场景过渡
摄影手法,第一人称POV+真实体验
摄影手法,转场模糊拉动+快速推镜
摄影手法,定格拍摄+帧率降低
摄影手法,慢动作特写+延时轨迹
摄影手法,拉近面部镜头+情绪捕捉
摄影手法,360环绕镜头+情绪包围
摄影手法,滑轨平移镜头+画面稳定
摄影手法,无人机追拍+城市视角
摄影手法,双人跟随视角+同步镜头
摄影手法,镜头推进+背景虚化
摄影手法,过肩视角+对话感增强
摄影手法,反打镜头+情绪衔接
摄影手法,动态变焦+节奏感镜头
摄影手法,快速摇摄+混乱节奏
摄影手法,切换视角+主客交错
摄影手法,定格动画风+逐帧展示
摄影手法,近景切换+视觉聚焦
摄影手法,分屏并列镜头+对比叙事
平台风格,小红书爆款视频风格+淡粉色调+卡点剪辑
平台风格,抖音人物特写+动感音乐+BGM加速感
平台风格,Tiktok变装卡点视频+滤镜变化节奏快
平台风格,Instagram美妆风+柔焦+打光精准
平台风格,Youtube vlog叙事风格+头戴GoPro视角
平台风格,Bilibili二次元UP主风格+卡点特效+字幕跟随
平台风格,品牌广告包装风+高饱和+字幕边框
平台风格,电商短视频展示风+产品放大+定格+箭头
平台风格,电视剧片头风+慢入+角色介绍文字
平台风格,美食探店视频风+俯拍+特写+切换节奏快
平台风格,种草安利类视频风+试用+测评+弹幕感
平台风格,旅游纪实视频风+延时摄影+广角城市
平台风格,影视混剪视频风格+黑白慢镜+叠化闪回
平台风格,企业宣传片风格+清晰LOGO+蓝白基调
平台风格,综艺感预热视频+人物边框+闪动字幕
平台风格,AI换脸短视频风+脸部匹配+跳剪接
平台风格,游戏混剪风格+高对比度+视角切换
平台风格,情绪类视频风格+音乐主导+极简构图
平台风格,萌宠短视频风格+圆头滤镜+字幕卡通
平台风格,运动训练风格+高帧率+慢放动作+咔咔声效
影视风格,纪录片手持风格：真实环境光+轻微镜头晃动
影视风格,浪漫主义镜头：柔光+色彩渐变+慢速推镜
影视风格,新浪潮电影风格：突兀剪辑+非逻辑叙事
影视风格,荒诞剧风格：怪异构图+夸张表演+低饱和
影视风格,剧场舞台风：静态构图+中心打光+对称
影视风格,反乌托邦电影风格：灰蓝色调+压抑空间
影视风格,80年代美剧风：颗粒感+怀旧音乐+大字体标题
影视风格,90年代偶像剧风格：柔焦+梦幻滤镜+夸张表情
影视风格,警匪片风格：紧张节奏+追逐镜头+低光场景
影视风格,校园青春风格：明亮色彩+对称构图+轻音乐
影视风格,灾难电影风格：剧烈晃动+闪回叠化+广角特写
影视风格,科幻实验片风格：霓虹光+深色调+镜面反射
影视风格,舞台剧改编影像风：高对比黑白+台词为主
影视风格,宗教主题风格：庄严色调+静态构图
影视风格,现实主义电影风格：自然光+非演员+长镜头
影视风格,心理惊悚片风格：镜头错位+昏暗光影+变焦特写
影视风格,城市犯罪片风：夜景霓虹+快节奏剪辑
影视风格,民族文化电影风格：传统服饰+地方音乐+自然环境
影视风格,未来科幻风格：金属感强+HUD叠加界面
影视风格,复仇主题风格：慢镜头+阴郁配乐+特写眼神
画面质感,流光质感+边缘炫光
画面质感,漫画描边风格+黑白分明
画面质感,低像素风格+8bit配色
画面质感,牛皮纸质感+褪色画面
画面质感,镜头泛黄质感+老胶片感
画面质感,瓷砖反光质感+干净利落
画面质感,刺绣线条风+平面化构图
画面质感,金粉颗粒质感+梦幻模糊
画面质感,火焰特效质感+橙红过渡
画面质感,蓝色液态质感+流体转场
画面质感,裂纹屏幕风+数字失真
画面质感,雾面柔化质感+水汽遮挡
画面质感,玻璃碎片纹理+冷色透明
画面质感,科幻HUD质感+绿色扫描
画面质感,网格结构质感+结构线条
画面质感,纹理强化风格+粗糙画布
画面质感,金属腐蚀感+工业废墟风
画面质感,浓重素描风格+笔触交叠
画面质感,梦中虚幻画质+模糊景深
画面质感,霓虹倒影质感+街道水渍
灯光色调,青蓝夜色调+冷感氛围
灯光色调,玫瑰粉柔光+少女滤镜
灯光色调,绿色实验室灯+不安感
灯光色调,红蓝警灯交替闪烁
灯光色调,橘黄拂晓光线+暖意渐入
灯光色调,炽白阳光逆光拍摄
灯光色调,黄绿森林光+斑驳树影
灯光色调,紫色舞台灯+跳跃感
灯光色调,火光照明+动态色温变化
灯光色调,闪电亮光+黑白分明
灯光色调,车窗倒影灯+彩色动感
灯光色调,工业吊灯影+墙面长影
灯光色调,晨曦薄雾光+柔和无边界
灯光色调,窗边午后光+纸张飞舞
灯光色调,隧道低光照明+局部强光
灯光色调,教室日落光+金边发丝
灯光色调,高对比楼梯灯光+强影投射
灯光色调,夜色河畔灯光+折射波纹
灯光色调,货架上方灯+商品反光高光
灯光色调,电影院投影灯+粒子漂浮
摄影手法,超广角镜头拉伸感+透视极强
摄影手法,低机位仰拍+人物高大化
摄影手法,镜头虚焦切换+情绪递进
摄影手法,镜头推拉交替+混乱感增强
摄影手法,倒放镜头+时间回溯
摄影手法,交叉剪辑+不同时间线融合
摄影手法,镜头隐藏过渡+遮挡转场
摄影手法,渐显过度+光晕亮起
摄影手法,拉远切黑+暗示场景结束
摄影手法,慢拉近嘴角微笑+强化情绪
摄影手法,反光转场+镜面滑动
摄影手法,水面倒影接镜头+上下反转
摄影手法,分层镜头语言+远中近同时推进
摄影手法,主观镜头中插手部特写
摄影手法,慢变焦压缩空间+心理压迫
摄影手法,偏移构图+画面不稳定感
摄影手法,直线拉动轨道感+强烈动感
摄影手法,角色遮挡快速切换+节奏强
摄影手法,镜头穿墙接空间+无缝变化
摄影手法,边缘暗角镜头+集中焦点
平台风格,小红书情绪配文风格+细文字+背景虚焦
平台风格,抖音挑战赛卡点风+快剪+特效音符
平台风格,Tiktok换装循环剪辑+对比前后
平台风格,Youtube长篇Vlog风+节奏轻松+真实语音
平台风格,淘宝商品讲解风+放大展示+解说口播
平台风格,B站二创视频风格+搞笑剪辑+表情包
平台风格,Instagram生活记录风+滤镜轻暖+低饱和
平台风格,TVC广告感视频风+LOGO飞入+镜头干净
平台风格,短剧热剧预告风+闪回+字幕压场
平台风格,汽车测评视频风+低角度跟拍+引擎声同步
平台风格,教育讲解视频风+白底+手势板书
平台风格,知识类爆款短视频风+快语音+图文混剪
平台风格,品牌预热视频风+慢推+标语字幕
平台风格,抖音剧情反转类短剧风+黑白分隔镜头
平台风格,商拍场景风+构图考究+产品核心突出
平台风格,节日祝福类视频风+模板切换+庆祝音乐
平台风格,科普动画视频风格+拟人+小人插图
平台风格,悬疑剧情感风格+偏冷色+叠化闪现
平台风格,宠物搞笑混剪风格+变声+字幕突出
平台风格,街头采访短视频风格+字幕飞入+环境声真实
影视风格,青春日剧风格：清淡色调+浅景深+柔和光线
影视风格,英伦剧情风格：暗色复古+室内烛光+对称构图
影视风格,战地纪实风格：手持抖动+高对比+爆炸环境
影视风格,赛博东亚风：汉字霓虹+摩天楼林立+杂乱城市
影视风格,欧美独立电影风：低饱和+空镜+叙事碎片化
影视风格,短剧穿越风格：古今混搭+快速变装+场景拼接
影视风格,荒野生存剧风：自然光+环境音强+沉浸追随
影视风格,法语爱情片风格：长镜+低语对白+街拍质感
影视风格,恐怖片风格：压暗光线+突变音效+主观镜头
影视风格,真人童话风格：饱和梦境色+慢节奏
影视风格,末世电影风格：破败城市+灰黄色调+广角
影视风格,谍战片风格：暗房+电话亭+帽子眼神特写
影视风格,俄式冷战风格：蓝灰调+低色温+大量字幕叠加
影视风格,童年回忆片风格：黄调复古+慢镜头+自然音效
影视风格,警探剧风格：玻璃写字板+白板推理+悬疑配乐
影视风格,玄幻国风片：飘带+云雾特效+红青对撞
影视风格,罪案还原剧风：现场还原+旁白+模糊人物
影视风格,日式深夜剧风格：微光环境+封闭空间+吃饭动作
影视风格,末日旅人风格：破败+独行+极简对话
影视风格,希区柯克悬疑风：固定机位+交替剪辑+低音乐
画面质感,压印纹理+棉纸肌理
画面质感,水墨扩散风格+柔化边界
画面质感,玻璃磨砂感+模糊斑点
画面质感,瓷砖蓝调反射+边角清晰
画面质感,折纸层叠感+立体分割
画面质感,幻彩渐变光+反射折射感
画面质感,编织纹理感+纸织视觉
画面质感,彩笔涂鸦风格+边缘跳色
画面质感,霓虹重影画质+偏色模糊
画面质感,古画纸本感+斑驳色块
画面质感,石头裂纹风格+硬边界感
画面质感,数字虚焦风+像素模糊融合
画面质感,海报风构图+边框和笔触
画面质感,铁锈斑驳感+工业老旧
画面质感,亚克力质感+高光透亮
画面质感,指纹涂抹风格+残缺边缘
画面质感,布料纹理感+轻柔颗粒
画面质感,星轨叠加质感+动态光纹
画面质感,陶瓷釉面质感+清亮饱和
画面质感,闪粉质感+舞台背景感
灯光色调,湖边日落金黄光+水波反射
灯光色调,工地夜间强光+强烈阴影
灯光色调,天台霓虹光+人物剪影
灯光色调,红色信号灯+慢节奏光影
灯光色调,彩带反射光+运动虚化
灯光色调,警示灯旋转闪烁+黑背景
灯光色调,月光打脸侧光+蓝色主调
灯光色调,公交夜景外射灯+窗户投影
灯光色调,节日彩灯混色+跳动频率
灯光色调,照相机闪光灯+画面爆白
灯光色调,激光灯横扫+舞台感强
灯光色调,绿植下散射光+柔焦+自然
灯光色调,高光阴影交替灯光+强结构
灯光色调,信号灯三色跳变+场景定格
灯光色调,落地灯光环+暖色渐变
灯光色调,热带阳光硬打光+清晰投影
灯光色调,仓库天窗光柱+尘埃可见
灯光色调,隧道尾光+暗部拖影
灯光色调,地铁车厢荧光灯+人物打亮
灯光色调,办公室投影灯打脸+背面阴影
摄影手法,建筑穿越镜头+楼层不断切换
摄影手法,倒地视角拍摄+倒影突出
摄影手法,车内后视镜镜头+人物交替露出
摄影手法,快速镜头推进+情绪高涨
摄影手法,过场黑屏节奏+音效匹配
摄影手法,全景叠化转场+人物定格
摄影手法,正上方旋转俯拍+集体行为聚焦
摄影手法,环绕定焦变景深+人静背景变
摄影手法,镜头从布帘中探出+渐显角色
摄影手法,走廊延伸镜头+推入紧张空间
摄影手法,俯冲镜头+快速压迫感
摄影手法,水下仰拍+气泡动态
摄影手法,地面跟拍奔跑动作+碎石飞溅
摄影手法,突然抬镜头+人物遮光进入
摄影手法,镜头切近+表情震颤细节
摄影手法,倒置还原镜头+画面旋转配乐
摄影手法,爆炸慢速推进+人物背影对光
摄影手法,纵深切换+长走廊时间错觉
摄影手法,倒放+物体回收特写
摄影手法,转场碰撞剪辑+冲击配乐
平台风格,短剧竖屏分镜感+人物遮挡切换
平台风格,小红书滤镜测评风+左右对比
平台风格,抖音美妆三连展示+卡点特写
平台风格,Tiktok人物定格变装+三段结构
平台风格,B站语录混剪风+情绪带字幕
平台风格,品牌口播广告+LOGO落版+快节奏
平台风格,长篇Vlog节奏剪+旅拍配音
平台风格,电影解说短视频风+画外音+字幕分段
平台风格,学习类竖屏快语速+图表飞入
平台风格,生活日常安静风+自然光+ASMR音效
平台风格,宠物拟人化配音视频+弹幕感字幕
平台风格,短视频动画转绘风格+漫画风镜头
平台风格,AI换装视频风+模型切换+镜头定格
平台风格,产品对比实测视频风+标签标尺
平台风格,情侣反应类视频风+多角度切换
平台风格,街头实拍互动视频+人物突入+快剪
平台风格,拆箱评测视频风+缓慢开盒+局部特写
平台风格,短剧类角色台词字幕+表情突出
平台风格,新闻速览类视频风+拼贴画面+高音效节奏
平台风格,短篇纪录类风格+慢镜长景+自然环境音
